24C24642-2EC8-479B-88A4-004266A7A930,6353556F-40FB-453B-B8C4-F38744C69B54,SC649,Maize
69BF528B-12F8-4B98-8ABB-0069F4699790,251358CD-F9F7-46D3-9212-A4709ADF6418,NICASS 4,Cassava
EC12A951-552E-477C-A241-009C15882F65,2B2F6920-A28E-4A85-A968-40EC1A613565,Sokoyokoto (soko-funfun),Sokoyokoto
85DC6919-F6A7-456C-967F-0148F8044B05,12074FE8-29E3-49EE-92FA-75BB85983CC8,SAMIL-2,Pearl Millet
74570159-B6AC-4DF6-A3D5-019AC065B3CE,6353556F-40FB-453B-B8C4-F38744C69B54,NARZH-2,Maize
DF968E5B-40D5-47DE-877E-0227B93F7307,B889043F-EAA0-448C-B0D1-71C1ED149AAB,SAMSORG 46,Sorghum
8EF6098F-AD4C-43A7-9049-02C950112ED9,11C83765-2DE6-4DE1-9714-1E62ADB695E8,NIFOR Hybrid,Coconut
CEF16F13-9677-4C50-8FE9-02CFD2D52AB3,171B61AF-0AF2-4B2A-8BF9-3EAACDB3EEF3,LACRI WHIT-9,Wheat
CD0CFC9C-893D-4A4B-8388-03E339C26A7E,C695366D-5862-4486-B138-B3B368A717D0,Wynn Cassia,Forage Legume
5F956F0F-098D-4F0A-BE37-0452B6018F1C,6353556F-40FB-453B-B8C4-F38744C69B54,SC719,Maize
48041A9B-6D43-46E9-B8E4-04B5C30D1E20,B889043F-EAA0-448C-B0D1-71C1ED149AAB,SAMSORG-7,Sorghum
3FF8A7FA-4732-412C-B4CF-04D208D8489B,751114EC-0C58-4B77-9BA6-DD7DA51181FB,SAMNUT-12,Groundnut
1D883AD9-0CDC-44C3-AD84-0517D9F98659,E9155862-1684-43FC-B386-EC9FEB7AE61B,TGX-536-02D,Soybean
AB3694A1-8A82-4147-A21D-054155F86836,12074FE8-29E3-49EE-92FA-75BB85983CC8,SAMIL-7,Pearl Millet
B799CF1D-8638-4497-AA00-0544DB51B279,C695366D-5862-4486-B138-B3B368A717D0,ILRI-9857,Forage Legume
3DDDF6CD-10B8-433D-B4C6-05D30A8BAC87,A7141777-9A95-4699-88FD-D959D28AB30B,IT89KD-374,Cowpea
8F432702-625D-4CA7-8471-0622C66F8510,6353556F-40FB-453B-B8C4-F38744C69B54,SAMMAZ 16,Maize
EE809497-9CE1-4CF9-B5D0-064206AFAB1C,E9155862-1684-43FC-B386-EC9FEB7AE61B,TGX-1485-1D,Soybean
97985A94-4F99-470F-895C-06B2C4F3EB2C,6353556F-40FB-453B-B8C4-F38744C69B54,Oba Super 7,Maize
154E93AB-977F-4DEA-AE7D-07F79F9E74B2,171B61AF-0AF2-4B2A-8BF9-3EAACDB3EEF3,SAM-WHIT-5,Wheat
CA8718E2-824A-4E7A-8B70-085D22A38D0E,6353556F-40FB-453B-B8C4-F38744C69B54,NARZO-28,Maize
7207F1DF-ABD4-4B0A-A2C2-086B1DC63110,6353556F-40FB-453B-B8C4-F38744C69B54,SAMMAZ 50,Maize
7E6D4A07-ABBC-40C5-A268-09AC71994B9C,6D9F9C32-1DBB-4E52-A853-6646F72106B4,FARO-43,Rice
B538FE6E-385C-4D31-B693-09FD706E2217,6D9F9C32-1DBB-4E52-A853-6646F72106B4,FARO-26,Rice
31CE36C7-929E-42AE-B577-0A2BBD24A762,795EAD8F-39B2-4C21-8281-EE8E6066B5DA,Synthetic Series IV,Cocoa
24DECBAE-23CE-4A2D-B702-0A512636ACE8,751114EC-0C58-4B77-9BA6-DD7DA51181FB,SAMNUT-9,Groundnut
2F4EE727-5094-4C6F-BE14-0A51B7AB468E,1A4AE96B-BECE-425B-B8FC-FA1EF8914FF7,TDR 95/01924,Yam
60FA1CA7-1A2B-4BC8-9D86-0A66F8F14182,6353556F-40FB-453B-B8C4-F38744C69B54,SAMMAZ 31,Maize
BB9E9D4D-DEA9-4DE2-AACD-0A915F40ACE2,B99637AF-25F2-4984-B2DD-9D2EACDFA2D6,SAMTOM -12,Tomato
36980474-DE4F-43D3-B884-0AB4A5C7DB12,83962989-C0FE-4F48-9931-0334C79A451F,NCRIBEN-04E,Sesame
54B89789-870D-4D5E-917B-0C5B32D51AF4,6353556F-40FB-453B-B8C4-F38744C69B54,Ife Maizehyb-4,Maize
B1B84F80-BEAF-4CD2-9E2A-0DD2CB494A20,6D9F9C32-1DBB-4E52-A853-6646F72106B4,FARO 65,Rice
D8CE89C6-07A7-49D6-A594-0E69865DEE67,B99637AF-25F2-4984-B2DD-9D2EACDFA2D6,SAMTOM -10,Tomato
5F9149DA-CA85-41EA-8524-0E83EC4F223B,8AC3002A-7DF0-45B9-96E1-9FFE44AE6C8F,NIG-810,Rubber
2A67019F-0C7D-4110-B8F8-0F06205B658F,251358CD-F9F7-46D3-9212-A4709ADF6418,UMUCASS 42,Cassava
18DBD29D-15BE-4944-913F-0F619E7BAD97,8AC3002A-7DF0-45B9-96E1-9FFE44AE6C8F,NIG-806,Rubber
72BD9972-D1AE-4E45-9DE2-109562793090,6353556F-40FB-453B-B8C4-F38744C69B54,Ama TZBR-W,Maize
672E1D66-4598-4CEF-BAE8-10FCA6488AE0,751114EC-0C58-4B77-9BA6-DD7DA51181FB,SAMNUT-14,Groundnut
C17504BE-C492-4625-AA2A-117145CBAB71,A7141777-9A95-4699-88FD-D959D28AB30B,SAMPEA-5,Cowpea
B70E6480-A602-4D41-983A-11E3A3021185,6353556F-40FB-453B-B8C4-F38744C69B54,TZBR Eld 3-W,Maize
65BDECE5-F3C4-443C-9DE2-120647AE6DE3,6353556F-40FB-453B-B8C4-F38744C69B54,WHITE (POPCORN),Maize
5D94FCDB-4449-4817-AB84-120F76C15D09,11C83765-2DE6-4DE1-9714-1E62ADB695E8,NIFOR-WAT1,Coconut
1566BBF3-3CF0-4052-8B6E-126EC6458C3A,6353556F-40FB-453B-B8C4-F38744C69B54,SAMMAZ 36,Maize
FB2EA80C-C57A-4ED5-A7A5-12A94B96775F,6353556F-40FB-453B-B8C4-F38744C69B54,NARZO-16,Maize
BE289D4C-D238-44AB-A1FB-12B7EB9C2D2C,2B2F6920-A28E-4A85-A968-40EC1A613565,TLV 9,Sokoyokoto
C1842F1B-FB45-4E17-9783-12DA73E2F2C4,6353556F-40FB-453B-B8C4-F38744C69B54,Oba Super 9,Maize
F673E4BE-DF66-4A2E-9A72-13441C25A46F,751114EC-0C58-4B77-9BA6-DD7DA51181FB,SAMNUT-17,Groundnut
F758D348-69D9-479A-AA3F-134B48F9767E,8AC3002A-7DF0-45B9-96E1-9FFE44AE6C8F,NIG-800,Rubber
E98D4C20-9FC3-4AC6-B755-135872E6E6F1,B889043F-EAA0-448C-B0D1-71C1ED149AAB,SAMSORG-1,Sorghum
26BA0732-02AC-48EA-A6C8-1360CE2205E9,C74EE7A8-CB4E-4CA8-A48C-BD39DE9AC123,NCS 001,Sugarcane
50F463E4-B469-4C62-8A00-13F26AA21DCC,171B61AF-0AF2-4B2A-8BF9-3EAACDB3EEF3,SAM-WHIT-1,Wheat
59D704D8-C591-4BF6-A1E8-140A694F7759,A953817D-3FF4-490D-97DC-2AC138B2B32B,SAMCOT-5,Cotton
8F1FC9EB-DFB2-4B2B-94AA-14253941A2F1,6353556F-40FB-453B-B8C4-F38744C69B54,SAMMAZ 24,Maize
4E757FD1-4A08-477D-9E69-14C7831F2AB7,6D9F9C32-1DBB-4E52-A853-6646F72106B4,FARO-17,Rice
2B1E6D2D-F2FC-4066-84F5-1504C1766F26,795EAD8F-39B2-4C21-8281-EE8E6066B5DA,Synthetic Series III,Cocoa
488A9039-37B5-4C78-BE00-1536F0797FCF,8CF972AF-9B87-40EB-9731-99C79B701AC3,Osungba 1,Solanum
3EEFB737-19D2-4C17-8712-159FF7D54E03,6D9F9C32-1DBB-4E52-A853-6646F72106B4,FARO-4,Rice
CAAFCC88-1599-46C2-BE91-167A36DCE782,6353556F-40FB-453B-B8C4-F38744C69B54,NARZO-12,Maize
92121833-DFDC-4530-A17B-16FEA9CC64AB,251358CD-F9F7-46D3-9212-A4709ADF6418,NICASS 28,Cassava
832B45AB-E20F-4B6A-997E-17194E5A4212,CC8E3CD6-BB01-4D0B-A983-DE3F1B5374B6,VC 801-4,Irish Potato
303B9AF9-9351-4F29-9F60-1729103C7BDD,E9155862-1684-43FC-B386-EC9FEB7AE61B,TGM-344 Hemon,Soybean
632E4ADC-1801-426B-B8C8-180E5816E8FA,0FDB615B-473B-4459-8A8E-862B8A4724E7,Hamlin,Sweet Orange
0000BC3A-850E-4105-BE8E-181F9D62E36D,6353556F-40FB-453B-B8C4-F38744C69B54,NARZO-9,Maize
7C97A673-85FF-46BE-B2BA-186B12137866,1A4AE96B-BECE-425B-B8FC-FA1EF8914FF7,UMUDa-4,Yam
45D471D0-E6E5-49C2-9470-188B2693CDEF,6353556F-40FB-453B-B8C4-F38744C69B54,NARZH-4,Maize
9EA432EE-C91A-4B8C-9FC5-189A8AE2E85A,A7141777-9A95-4699-88FD-D959D28AB30B,IT81D-994,Cowpea
DD60E5E0-A9EB-4F8B-A837-18DB9A9ED826,E9155862-1684-43FC-B386-EC9FEB7AE61B,TGX-849-313D,Soybean
1CB645A1-30F4-44C8-99BE-19660B5A2BFA,251358CD-F9F7-46D3-9212-A4709ADF6418,UMUCASS 43,Cassava
C8F7BEA3-1429-410D-8658-197BA8C0233E,6353556F-40FB-453B-B8C4-F38744C69B54,NARZH-11,Maize
85358072-A35B-4304-9381-197D02FB17EB,6353556F-40FB-453B-B8C4-F38744C69B54,NARZO-5,Maize
94A37DCC-8DCA-42FA-98DE-1B81FD7F71A4,6353556F-40FB-453B-B8C4-F38744C69B54,NARZO-25,Maize
E193329F-AC84-4A9B-8798-1B8DF1A5E8A0,6D9F9C32-1DBB-4E52-A853-6646F72106B4,FARO-14,Rice
E8B2F45B-CCEA-44C7-86FA-1C1DBE0E1433,B889043F-EAA0-448C-B0D1-71C1ED149AAB,SAMSORG-2,Sorghum
004DA20F-D5BD-4C0E-AE81-1C6B9489B710,1A4AE96B-BECE-425B-B8FC-FA1EF8914FF7,TDR 89/02461,Yam
C48D6AD5-50A8-4ECD-A798-1C86F36E8806,6353556F-40FB-453B-B8C4-F38744C69B54,SAMMAZ 29,Maize
EFBCF5D2-7C0D-45A3-805A-1C9783E0EAA9,6353556F-40FB-453B-B8C4-F38744C69B54,NARZO-26,Maize
51A46C61-1026-47E8-93BA-1D98328BF85E,B889043F-EAA0-448C-B0D1-71C1ED149AAB,SAMSORG-11,Sorghum
4632223F-3029-4A86-B02C-1E52672FA494,6D9F9C32-1DBB-4E52-A853-6646F72106B4,FARO-50,Rice
7F06CBCB-C687-4D3B-B207-1E83D1056786,E9155862-1684-43FC-B386-EC9FEB7AE61B,SAMSOY-1,Soybean
1ABA1FF9-6F2F-45C0-A7F5-1EBFEB7C934B,6D9F9C32-1DBB-4E52-A853-6646F72106B4,FARO-39,Rice
4C4E95E3-71DC-432D-805F-1EE84479D4E0,B889043F-EAA0-448C-B0D1-71C1ED149AAB,SAMSORG-21,Sorghum
C7229441-7043-46B9-9D35-1EFD6ECE2EE5,6353556F-40FB-453B-B8C4-F38744C69B54,SAMMAZ-7,Maize
5492685E-56E1-472A-94F1-1F3D316E2782,171B61AF-0AF2-4B2A-8BF9-3EAACDB3EEF3,LACRI WHIT-3,Wheat
8F1D22A1-19EB-4CA0-9DBD-1F63EDAACD39,12074FE8-29E3-49EE-92FA-75BB85983CC8,SAMIL-5,Pearl Millet
B87ED595-3498-4D12-B733-1F82B5B51D42,6353556F-40FB-453B-B8C4-F38744C69B54,Oba Super 11,Maize
FA3492C3-2E6A-483C-A6A9-203E36553589,751114EC-0C58-4B77-9BA6-DD7DA51181FB,SAMNUT-23,Groundnut
B60D536A-64B5-4076-9C1C-20543E93C316,251358CD-F9F7-46D3-9212-A4709ADF6418,NICASS 5,Cassava
6E791BFE-295F-42B3-8F42-2073746BD448,B889043F-EAA0-448C-B0D1-71C1ED149AAB,SAMSORG-23,Sorghum
C4B4DDBA-922C-48F3-9659-20A7756A91DC,B889043F-EAA0-448C-B0D1-71C1ED149AAB,SAMSORG-H1,Sorghum
01EE5AEB-6596-4A75-B763-212D2EA0849A,B889043F-EAA0-448C-B0D1-71C1ED149AAB,SAMSORG 43,Sorghum
F6755FCA-6EE4-4FF5-AA31-21CBB3D8F228,6D9F9C32-1DBB-4E52-A853-6646F72106B4,FARO-34,Rice
5FC7E69B-C2AD-45EE-B2FF-22C8F5C2E544,251358CD-F9F7-46D3-9212-A4709ADF6418,NICASS 7,Cassava
BE678FFF-2E21-444B-8804-24B9A001BE87,6D9F9C32-1DBB-4E52-A853-6646F72106B4,FARO-13,Rice
66FD360C-FB89-408E-A1F3-252A486989B7,A7141777-9A95-4699-88FD-D959D28AB30B,SAMPEA-3,Cowpea
311E6327-841E-44C4-94D2-257241DF7C35,6353556F-40FB-453B-B8C4-F38744C69B54,SAMMAZ 30,Maize
2E73A383-EA96-4874-8351-258D48353C11,0FDB615B-473B-4459-8A8E-862B8A4724E7,Valencia,Sweet Orange
06ED70CD-7F83-499D-A16D-25A90D9E8370,B889043F-EAA0-448C-B0D1-71C1ED149AAB,SAMSORG-H2,Sorghum
8A246BDD-FE95-4389-9F37-26B2C1AE4A3D,751114EC-0C58-4B77-9BA6-DD7DA51181FB,SAMNUT-2,Groundnut
9F9DF68D-F2F6-4E2E-8A43-27C73F6ABB60,6353556F-40FB-453B-B8C4-F38744C69B54,SAMMAZ 45,Maize
D34DD6B2-5093-4469-8479-2887A999682E,C74EE7A8-CB4E-4CA8-A48C-BD39DE9AC123,ILS-001,Sugarcane
2A63170C-6ABA-4565-9D84-292E9241F868,6353556F-40FB-453B-B8C4-F38744C69B54,BR9928 DMRSR,Maize
96E31E10-126A-4308-A048-29BCD59457B0,251358CD-F9F7-46D3-9212-A4709ADF6418,NICASS 8,Cassava
FA1678AA-8E2B-403A-A7C5-29FBA30A8CF7,251358CD-F9F7-46D3-9212-A4709ADF6418,UMUCASS 40,Cassava
4413AE77-56D0-463C-B4E9-2A4B71495E93,251358CD-F9F7-46D3-9212-A4709ADF6418,NICASS 3,Cassava
81A1FC7C-734A-49D1-BB71-2AB03ADE8CDD,B889043F-EAA0-448C-B0D1-71C1ED149AAB,SAMSORG 42,Sorghum
36925CB6-A4A8-4291-A87B-2BDC58594A56,B889043F-EAA0-448C-B0D1-71C1ED149AAB,SAMSORG-14,Sorghum
031A6FAC-16A5-4EF7-AD98-2C737E3DDA69,751114EC-0C58-4B77-9BA6-DD7DA51181FB,SAMNUT-15,Groundnut
9895D72F-C3B6-4EE2-8636-2C7787839507,6353556F-40FB-453B-B8C4-F38744C69B54,NARZO-17,Maize
C75842AA-ED4F-4A11-B0A4-2D3827502D78,795EAD8F-39B2-4C21-8281-EE8E6066B5DA,CRINTc-1,Cocoa
E5C2A780-EDBE-405A-85E5-2D900F1F35C4,90512884-043A-47B6-8267-41F6C2E8F0B3,Ata Sombo,Pepper
EFE088CA-9B00-460E-8EAE-2DC1DE8E4E96,6353556F-40FB-453B-B8C4-F38744C69B54,SAMMAZ 49,Maize
9095166A-8058-426C-BA81-2E61D9912532,6D9F9C32-1DBB-4E52-A853-6646F72106B4,FARO-21,Rice
320D154F-4FE1-429C-B58D-2EA86FE8E475,C695366D-5862-4486-B138-B3B368A717D0,ILRI-164,Forage Legume
C2DAB28B-4516-4C53-8E1D-2EE2877D8696,A7141777-9A95-4699-88FD-D959D28AB30B,FUAMPEA 1,Cowpea
C8B91E4A-C6B6-4D54-A845-2FA5D056B7CE,6D9F9C32-1DBB-4E52-A853-6646F72106B4,FARO-8,Rice
BA3AAF9F-4852-4D04-B705-2FDBE1B16353,8AC3002A-7DF0-45B9-96E1-9FFE44AE6C8F,NIG-809,Rubber
8DDB7380-D3F2-4126-B74E-303C3C92CAE2,0FDB615B-473B-4459-8A8E-862B8A4724E7,Etinan,Sweet Orange
EB44E0B4-3D60-4D41-B975-3140F0823753,6353556F-40FB-453B-B8C4-F38744C69B54,NARZO-27,Maize
7BE87FE0-DF6F-4357-B648-317E7B48E6A3,B889043F-EAA0-448C-B0D1-71C1ED149AAB,SAMSORG-37,Sorghum
2AFD3C51-CD34-42CE-AF2D-323650075E75,795EAD8F-39B2-4C21-8281-EE8E6066B5DA,CRINTc-6,Cocoa
D2EC8D38-2B2E-4ACF-87F6-325BC8EF19D5,6353556F-40FB-453B-B8C4-F38744C69B54,NARZH-8,Maize
91CB80B7-F0B0-420B-B020-33A80D62D2D7,6353556F-40FB-453B-B8C4-F38744C69B54,Ife Maizehyb-6,Maize
C00A0935-0106-48CB-BD70-33DCB000B9C7,A7141777-9A95-4699-88FD-D959D28AB30B,West Bred,Cowpea
FCF99FEB-4576-479A-AF2C-342339D496A6,751114EC-0C58-4B77-9BA6-DD7DA51181FB,SAMNUT-13,Groundnut
31589F62-D0A6-4D49-9DC7-3459C9DFF8E2,6353556F-40FB-453B-B8C4-F38744C69B54,Oba Super 5,Maize
A2C920A5-A324-415A-BF18-34B58EAA2535,251358CD-F9F7-46D3-9212-A4709ADF6418,UMUCASS 33,Cassava
8ED79A29-2D3E-4BEB-B496-3620ABB2E7ED,1278484F-8259-43D2-A515-D33FB989D0D5,TIS-2532 OP.1.13,Sweet Potato
A703077C-E49A-4299-BBEC-3649B9A8D034,C74EE7A8-CB4E-4CA8-A48C-BD39DE9AC123,CO - 997,Sugarcane
9BE39071-7EA3-48E7-878C-3659AD2F0189,6353556F-40FB-453B-B8C4-F38744C69B54,SAMMAZ 37,Maize
A85B54FC-7A33-46A8-89AE-36C765F8426E,751114EC-0C58-4B77-9BA6-DD7DA51181FB,SAMNUT-16,Groundnut
6A1640F7-2420-4E95-92B2-36F9E7B2DB3A,251358CD-F9F7-46D3-9212-A4709ADF6418,NICASS 29,Cassava
868C17A3-DC02-4E60-A1D1-371E00BE4105,6353556F-40FB-453B-B8C4-F38744C69B54,SAMMAZ 42,Maize
28298B6A-1421-4315-859B-372531CF42BA,B99637AF-25F2-4984-B2DD-9D2EACDFA2D6,SAMTOM - 2,Tomato
F5A98CB3-692B-483B-A6E9-3765A188B8E9,A7141777-9A95-4699-88FD-D959D28AB30B,TVX-3236,Cowpea
4A8280A5-6BDB-4395-AFC5-376E88475F7A,90512884-043A-47B6-8267-41F6C2E8F0B3,Ata Wewe,Pepper
E6FD8D64-A265-4E71-BC84-37901EA3DB7C,6D9F9C32-1DBB-4E52-A853-6646F72106B4,FARO-6,Rice
EBB28BF6-D0AB-4B89-BF61-37937AE92EAE,251358CD-F9F7-46D3-9212-A4709ADF6418,NICASS 20,Cassava
5107D8E0-61FC-49F1-A580-37D8E38BB40E,A42CAC0D-803F-4716-B412-84059A02CF9E,G Series,Cashew
596F0A6F-3F37-436A-9C6D-3801278AA1E0,6234B6E1-8B57-46F7-80D2-D1EA086AE7AB,V35,Okra
AB37003D-1DD9-4F70-ACC5-3819AEC5344D,A7141777-9A95-4699-88FD-D959D28AB30B,SAMPEA 17,Cowpea
20D2E7C6-9E0D-437A-AA8D-38F9A1966F8B,A7141777-9A95-4699-88FD-D959D28AB30B,FUAMPEA 2,Cowpea
9DE98768-7FB7-44E2-9CC9-39100A54C0F3,C74EE7A8-CB4E-4CA8-A48C-BD39DE9AC123,NCS- 003,Sugarcane
371574AE-0A6A-4C57-A86F-39C6F9581C0A,6353556F-40FB-453B-B8C4-F38744C69B54,SAMMAZ 14,Maize
0ADEACA4-9031-4BB9-A822-3AC653D37526,C74EE7A8-CB4E-4CA8-A48C-BD39DE9AC123,NCS - 005,Sugarcane
880BC2EA-1934-4759-95AF-3AE257054FB7,6D9F9C32-1DBB-4E52-A853-6646F72106B4,FARO-27,Rice
D5AB0AAA-A016-4AE5-8154-3B2DEEB4E1AE,83962989-C0FE-4F48-9931-0334C79A451F,NCRIBEN-03L,Sesame
D5F5D06B-C36C-4EBF-BAAD-3B7785982CFF,C695366D-5862-4486-B138-B3B368A717D0,ILRI-155,Forage Legume
5BF0D432-3DD8-4DE8-9C11-3BCAD02B2C43,B889043F-EAA0-448C-B0D1-71C1ED149AAB,SAMSORG-20,Sorghum
B3D09335-F816-482F-B2ED-3BE809537866,1A4AE96B-BECE-425B-B8FC-FA1EF8914FF7,UMUDr-21,Yam
63D706CC-8639-497C-93FD-3E5C268C211D,E3BB6BC0-4AD9-4A56-B886-DC30EA65D856,Ifeken 400,Kenaf
D173434A-01BB-4BA2-8A0F-3FB6852B66EA,6353556F-40FB-453B-B8C4-F38744C69B54,NARZH-5,Maize
F0FEAD7B-3C68-44DD-9301-3FBF9F917B7A,6353556F-40FB-453B-B8C4-F38744C69B54,SAMMAZ 41,Maize
477EB5C8-9277-4A06-8B06-3FCBB550AD4B,6D9F9C32-1DBB-4E52-A853-6646F72106B4,FARO-45,Rice
17F56B52-4485-4DD6-98FC-4001E24FAAD8,6353556F-40FB-453B-B8C4-F38744C69B54,SC651,Maize
33FB452A-7C67-4114-95D5-40165AD00ABB,795EAD8F-39B2-4C21-8281-EE8E6066B5DA,CRINTc-3,Cocoa
7BDD37C4-BF58-4D46-8306-408D4A62A8F8,A7141777-9A95-4699-88FD-D959D28AB30B,Ife Bimpe,Cowpea
3A50E586-94E6-4C3F-A994-410276005D38,12074FE8-29E3-49EE-92FA-75BB85983CC8,LCICMV-4,Pearl Millet
F009CA2E-9D47-4E42-BFEB-41054DEAF765,1A4AE96B-BECE-425B-B8FC-FA1EF8914FF7,TDR 89/01438,Yam
56420741-DE3E-4C91-A35A-41133C75B50D,251358CD-F9F7-46D3-9212-A4709ADF6418,NICASS 10,Cassava
1F0DF391-C025-4B73-9DF9-41EB231CF8A7,6353556F-40FB-453B-B8C4-F38744C69B54,NARZO-30,Maize
1872E30A-6577-4F0D-B0BA-41F49BCCD187,C74EE7A8-CB4E-4CA8-A48C-BD39DE9AC123,C - 957,Sugarcane
3BDB33B5-5C5B-4655-922B-423985E35004,6353556F-40FB-453B-B8C4-F38744C69B54,Ife Maizehyb-5,Maize
C4E96EF2-EEFD-4CEB-8C75-42417DDC5868,6353556F-40FB-453B-B8C4-F38744C69B54,NARZO-3,Maize
FD137A5B-8AA1-4504-9737-42AD9301F241,A7141777-9A95-4699-88FD-D959D28AB30B,IFH-101,Cowpea
2C17D8C7-0B8B-44DD-A86B-42F22240728B,B889043F-EAA0-448C-B0D1-71C1ED149AAB,CSR 01*,Sorghum
DD2B08B6-D368-47DD-8870-430DDB5DEDEA,6353556F-40FB-453B-B8C4-F38744C69B54,SAMMAZ 39,Maize
03C0E3C0-331E-4409-ABF5-44300C545058,6D9F9C32-1DBB-4E52-A853-6646F72106B4,FARO-11,Rice
1CAF14E0-635F-4477-AD07-44621DFE9049,6353556F-40FB-453B-B8C4-F38744C69B54,SAMMAZ 48,Maize
44E8EB0F-5EBF-4ED5-82BA-4487BDA26E6B,B889043F-EAA0-448C-B0D1-71C1ED149AAB,SAMSORG-19,Sorghum
5A8C64E1-8EA2-451B-986F-448BF82A52F1,751114EC-0C58-4B77-9BA6-DD7DA51181FB,SAMNUT-11,Groundnut
E819D9F5-C4C3-4831-8F15-44E938EE13E4,6D9F9C32-1DBB-4E52-A853-6646F72106B4,FARO-52,Rice
15D256CA-E8F3-48F4-95B4-45114C8317FC,FBB202E1-C396-4F6B-AD30-465099E4F065,AA231,Kola
64F3CBF0-81FA-4616-AC87-456910669F1A,E9155862-1684-43FC-B386-EC9FEB7AE61B,TGX-1448-2E,Soybean
BB9728FD-1ACF-46F7-B688-458851C8A5DE,B889043F-EAA0-448C-B0D1-71C1ED149AAB,SAMSORG-41,Sorghum
2540FD42-2E81-4035-B699-4620E6932889,6353556F-40FB-453B-B8C4-F38744C69B54,NARZO-23,Maize
49B1CBF7-7E8C-4A01-89FC-46499D706605,B99637AF-25F2-4984-B2DD-9D2EACDFA2D6,SAMTOM -1,Tomato
DFBE9192-F564-49B5-A304-467C45B6A02F,6D9F9C32-1DBB-4E52-A853-6646F72106B4,FUNAABOR-1,Rice
390C9764-3212-4B42-A09D-46FD08029C83,8CF972AF-9B87-40EB-9731-99C79B701AC3,Osungba 3,Solanum
BF3626FF-2727-4AA5-871F-47259D2AE2BB,6D9F9C32-1DBB-4E52-A853-6646F72106B4,FARO-47,Rice
B3AE9FD1-039E-437C-AAF3-484A9FDFADBF,B889043F-EAA0-448C-B0D1-71C1ED149AAB,SAMSORG-18,Sorghum
DAD65987-5C67-4166-8899-48995C11AB6F,6D9F9C32-1DBB-4E52-A853-6646F72106B4,FARO 66,Rice
AB8A29A5-A85C-4748-8FBB-491B3A850C99,6D9F9C32-1DBB-4E52-A853-6646F72106B4,FUNAABOR-2,Rice
8A6D4D8C-20AB-4163-9D0C-499CC6B418AE,A953817D-3FF4-490D-97DC-2AC138B2B32B,SAMCOT-3,Cotton
77FDAD96-2A3E-4E87-A0F4-49C132018C89,A953817D-3FF4-490D-97DC-2AC138B2B32B,SAMCOT-10,Cotton
712824A9-936A-4BEB-ABA8-49ECAE477048,6D9F9C32-1DBB-4E52-A853-6646F72106B4,FARO-1,Rice
EEEBA893-4B2C-4791-BB12-49EF6DDDBD7D,B889043F-EAA0-448C-B0D1-71C1ED149AAB,SAMSORG-3,Sorghum
D7F21D66-6963-4B66-BA43-4A497D4FBF2E,6353556F-40FB-453B-B8C4-F38744C69B54,MAYOWA,Maize
3645E330-008F-414F-8890-4AA2BA1D56FB,3E376EA2-A23B-4C9C-928E-1DFDF3922B6C,Gloria,Cabbage
26D49EBE-EAC6-4B29-B091-4AEC60A17B69,251358CD-F9F7-46D3-9212-A4709ADF6418,NICASS 16,Cassava
C29C4E18-1810-412C-98BB-4B6744B87B9A,6353556F-40FB-453B-B8C4-F38744C69B54,SAMMAZ 28,Maize
6B099F22-A7A4-43CB-BED6-4C61E474E6D8,B99637AF-25F2-4984-B2DD-9D2EACDFA2D6,Kilele,Tomato
9418FCCF-02BE-436B-A377-4C7970E0DAFF,6353556F-40FB-453B-B8C4-F38744C69B54,SAMMAZ 20,Maize
E5D79447-6FC2-465C-8178-4CB3FA058441,1278484F-8259-43D2-A515-D33FB989D0D5,UMUSP 1,Sweet Potato
069BC909-10D4-4EB1-987B-4CE82792A578,6353556F-40FB-453B-B8C4-F38744C69B54,Ife Maize hyb-9,Maize
C4103685-B37B-443D-9A26-4D538873FCDB,6D9F9C32-1DBB-4E52-A853-6646F72106B4,FARO-32,Rice
CBA9074D-06BD-4C56-8997-4D95D1D3A4E3,1A4AE96B-BECE-425B-B8FC-FA1EF8914FF7,TDR 89/02677,Yam
36D6E0FC-C218-423C-A431-4DD6B0B7FC62,8AC3002A-7DF0-45B9-96E1-9FFE44AE6C8F,NIG-805,Rubber
9DEB6234-6B0B-45DC-AADF-4E10222147B2,11C83765-2DE6-4DE1-9714-1E62ADB695E8,NIFOR Dwarf,Coconut
88142D67-D711-4FA3-928F-4E5F812F2FF3,6D9F9C32-1DBB-4E52-A853-6646F72106B4,FARO-29,Rice
DF573CDF-35F6-40F7-960C-4ECC59877BD9,1A4AE96B-BECE-425B-B8FC-FA1EF8914FF7,TDR 89/02665,Yam
88A34C97-9AE0-4C23-A824-4F1EEAE5B33A,6D9F9C32-1DBB-4E52-A853-6646F72106B4,FARO-40,Rice
7F86B01F-F7DF-4FF9-B6E0-4F24C4224AFE,A953817D-3FF4-490D-97DC-2AC138B2B32B,SAMCOT-2,Cotton
5638BAFC-2F77-4FD6-9FD1-4F295444BDE7,795EAD8F-39B2-4C21-8281-EE8E6066B5DA,CRINTc-7,Cocoa
3F0F208D-38CB-461D-900C-4F668568ECA2,1DEAE052-F236-4711-932B-2C666A9C26F8,Tete (Green),Amaranthus
118279D2-1EAF-4834-AB76-4F79C8EED529,B99637AF-25F2-4984-B2DD-9D2EACDFA2D6,SAMTOM -7,Tomato
CF15B641-F28F-4513-BB0D-500017EBC604,90512884-043A-47B6-8267-41F6C2E8F0B3,Lafayette,Pepper
A90ACA61-FC96-4C12-B6B5-504819530D4E,8AC3002A-7DF0-45B9-96E1-9FFE44AE6C8F,NIG-804,Rubber
37F1FDC7-AE21-49F7-9AE8-513BF06DAE1B,C74EE7A8-CB4E-4CA8-A48C-BD39DE9AC123,NCS-009,Sugarcane
C064C490-ED2A-4987-8AA6-5182E8D1F13D,6D9F9C32-1DBB-4E52-A853-6646F72106B4,FARO-44,Rice
4B3A5D0C-29B2-421B-8834-52206DB1DD01,251358CD-F9F7-46D3-9212-A4709ADF6418,UMUCASS 38,Cassava
5BA73A56-0D78-4147-BDE6-5222F8E07790,B889043F-EAA0-448C-B0D1-71C1ED149AAB,SAMSORG-12,Sorghum
BEF9FF1A-89F5-4F03-9D08-5269A1871E6F,6353556F-40FB-453B-B8C4-F38744C69B54,NARZO-29,Maize
CAE1CA0A-6B9E-449A-9C27-531782D76C22,251358CD-F9F7-46D3-9212-A4709ADF6418,NICASS 6,Cassava
BE34505D-C110-4E7B-98F5-534ECA0DF911,6353556F-40FB-453B-B8C4-F38744C69B54,Oba Super 6,Maize
B00E02EE-96AE-4D07-8FB6-53C42D71552F,E3BB6BC0-4AD9-4A56-B886-DC30EA65D856,Ifeken DI 400,Kenaf
B2B4A2DA-BDF8-49C3-8BC6-54132993E316,6353556F-40FB-453B-B8C4-F38744C69B54,NARZO-4,Maize
76AC4F53-0B02-4939-ACD3-543E4F844432,251358CD-F9F7-46D3-9212-A4709ADF6418,UMUCASS 32,Cassava
642BA0EF-F210-4679-ADE6-5460C37C080C,8AC3002A-7DF0-45B9-96E1-9FFE44AE6C8F,NIG-812,Rubber
48E52FA0-06B6-4C5C-89CA-54742321E636,0FDB615B-473B-4459-8A8E-862B8A4724E7,Meran,Sweet Orange
36125BCF-8B9F-4B91-B8EB-55C58B16A25E,251358CD-F9F7-46D3-9212-A4709ADF6418,NICASS 23,Cassava
9B740A2A-E80F-4AA7-A947-565FB872F2D6,12074FE8-29E3-49EE-92FA-75BB85983CC8,LCIC MV-2,Pearl Millet
AA8B92C6-C2F9-429C-903A-574D7C6F9A3F,A7141777-9A95-4699-88FD-D959D28AB30B,IT90K-76,Cowpea
2E797633-E8E8-4E84-BA57-57C323D4DBD3,6353556F-40FB-453B-B8C4-F38744C69B54,NARZO-1,Maize
BE8B39C8-C62A-4C60-8A92-58298B6122CF,6353556F-40FB-453B-B8C4-F38744C69B54,Oloyin,Maize
F9C5D3C9-CF45-402B-AD6D-58640FAC7A9C,B889043F-EAA0-448C-B0D1-71C1ED149AAB,SAMSORG-5,Sorghum
18473E41-F279-4780-9526-5A24E4200985,7B6860CA-3040-4DD3-A93B-D4EC093C9ADC,Jelly,Potato
87F91D06-9D45-4250-AD1B-5A5C7DF6DCB6,751114EC-0C58-4B77-9BA6-DD7DA51181FB,SAMNUT 25,Groundnut
24EFD452-EAFD-4762-993A-5B7990D0AA2A,6353556F-40FB-453B-B8C4-F38744C69B54,DK777,Maize
717ED3F4-149C-4355-80E1-5D6221A6A7A6,6D9F9C32-1DBB-4E52-A853-6646F72106B4,FARO-19,Rice
6AC8B74A-C0A9-4C0E-88B6-5D8F9D154357,6353556F-40FB-453B-B8C4-F38744C69B54,30Y87,Maize
A1118350-4A62-47B3-8792-5ED9D6AFBEEC,B889043F-EAA0-448C-B0D1-71C1ED149AAB,PD86W15,Sorghum
EBF90EA1-BB34-4718-AF3E-5F1136C142C5,12074FE8-29E3-49EE-92FA-75BB85983CC8,LCICMH-1,Pearl Millet
9953762D-1D69-4EB8-A9F1-5F57FBF6DA20,6353556F-40FB-453B-B8C4-F38744C69B54,SNK2778,Maize
C18889CA-61B2-40C0-837F-5FB5F741291C,251358CD-F9F7-46D3-9212-A4709ADF6418,UMUCASS 39,Cassava
7CBF3244-9C6E-4E20-B39A-5FB77765C23F,795EAD8F-39B2-4C21-8281-EE8E6066B5DA,Hybrid Series,Cocoa
61238E51-1CAB-44F0-92D3-5FCE5CE22F51,DA12D550-43C5-4541-92A6-736EEEA67DB4,NIFOR-RAPHIA PALM1,Raphia Palm
EEBB5A63-EDCD-459C-AEE8-5FD085724824,12074FE8-29E3-49EE-92FA-75BB85983CC8,SAMIL-1,Pearl Millet
1C96976B-DAED-43D8-8658-60CE97931BD0,6D9F9C32-1DBB-4E52-A853-6646F72106B4,FARO-35,Rice
A481159A-DE28-4DB7-8567-60DD2041FA38,E9155862-1684-43FC-B386-EC9FEB7AE61B,M-351,Soybean
2F61CC63-EFDA-45A3-9280-613045E895DD,751114EC-0C58-4B77-9BA6-DD7DA51181FB,SAMNUT-18,Groundnut
BB0EE452-C0A7-45F6-A4EC-618B455EE15C,A953817D-3FF4-490D-97DC-2AC138B2B32B,SAMCOT-8,Cotton
D7FEE563-A63C-4716-BD61-61E2AC72A2F0,6353556F-40FB-453B-B8C4-F38744C69B54,SAMMAZ 53,Maize
75CB73A0-DE60-4910-B562-62DCDE4AB18C,6353556F-40FB-453B-B8C4-F38744C69B54,NARZH-18,Maize
49B8BEC0-C272-42A4-B5A7-62F7C1F5F4A9,B889043F-EAA0-448C-B0D1-71C1ED149AAB,PD87W16,Sorghum
133A8553-7502-4EE5-A972-6402AABAA799,171B61AF-0AF2-4B2A-8BF9-3EAACDB3EEF3,SAM-WHIT-3,Wheat
FBC4E767-AE51-4907-9025-640D3DB904BE,251358CD-F9F7-46D3-9212-A4709ADF6418,NICASS 31,Cassava
CEBCF301-B513-436A-94C7-641FA962550D,751114EC-0C58-4B77-9BA6-DD7DA51181FB,SAMNUT 26,Groundnut
C2BE42FA-83B5-46F8-B960-64B7AAD22F6C,A7141777-9A95-4699-88FD-D959D28AB30B,Popse-1,Cowpea
8CD40382-E7CA-460F-B881-65661B718BC6,6353556F-40FB-453B-B8C4-F38744C69B54,YELLOW (POPCORN) COMPOSITE,Maize
9CAE6E15-D0AE-47C3-A088-663701B744B9,6353556F-40FB-453B-B8C4-F38744C69B54,DK234,Maize
38F51A62-354D-4C03-AB1D-669E4F586677,795EAD8F-39B2-4C21-8281-EE8E6066B5DA,CRINTc-5,Cocoa
9A29E6E0-D515-4600-876F-66BA047A0FEA,6353556F-40FB-453B-B8C4-F38744C69B54,SAMMAZ 18,Maize
53D1279A-AAF5-4B37-94D3-6726A4F2272A,6234B6E1-8B57-46F7-80D2-D1EA086AE7AB,NHAR 47-4,Okra
9E1EB5EA-BBFE-414C-A896-67E210ACD82C,6353556F-40FB-453B-B8C4-F38744C69B54,NARZH-3,Maize
2969A1FB-BEB5-4B58-8E29-687BF0FAA225,B99637AF-25F2-4984-B2DD-9D2EACDFA2D6,SAMTOM -8,Tomato
3764DE1F-0E75-4EFD-B14F-689D64E9D559,751114EC-0C58-4B77-9BA6-DD7DA51181FB,SAMNUT-20,Groundnut
898C6F54-95BB-4592-AE66-68E8ACFFF6BD,6353556F-40FB-453B-B8C4-F38744C69B54,EV-9043 DMRR-SR,Maize
E1A43B61-314D-40D9-989C-692D76F934F2,A7141777-9A95-4699-88FD-D959D28AB30B,SAMPEA-6,Cowpea
CF709FFF-42C1-4015-B12D-69473D772D91,B889043F-EAA0-448C-B0D1-71C1ED149AAB,SAMSORG 45,Sorghum
74BDA8E4-48C3-43DE-AF76-69BA1ACBF0D0,6353556F-40FB-453B-B8C4-F38744C69B54,30F32,Maize
B249D77A-A624-4B07-9707-69CF179BB4A6,6D9F9C32-1DBB-4E52-A853-6646F72106B4,GAWAL R1,Rice
EA0352FE-F504-41A5-8EA4-69EB633CFEBB,DB78FFC7-8844-419F-8C13-147025912039,S.L. series,Coffee
8A4D8E28-135C-4D22-8160-6A2626FF640D,6D9F9C32-1DBB-4E52-A853-6646F72106B4,FARO-30,Rice
24EC53B4-23FD-4A6B-8D79-6A7B90CD175C,6353556F-40FB-453B-B8C4-F38744C69B54,(OBA-98),Maize
3ADDDA8F-D106-4A8B-A495-6B990A5CEAA3,E9155862-1684-43FC-B386-EC9FEB7AE61B,TGX-1019-2EB,Soybean
4FC02DC3-4C3F-48D7-9B47-6C4B7AAA52D8,B889043F-EAA0-448C-B0D1-71C1ED149AAB,PRADHAN,Sorghum
6A222F4C-C895-426A-B10E-6D41DA5B267E,FBB202E1-C396-4F6B-AD30-465099E4F065,AD44,Kola
DC6BBF86-A1A9-4AB6-BE3C-6D8776D42B27,795EAD8F-39B2-4C21-8281-EE8E6066B5DA,Synthetic Series II,Cocoa
FACCB16E-41B3-4EC4-B141-6DCDBC386F39,12074FE8-29E3-49EE-92FA-75BB85983CC8,SAMIL-3,Pearl Millet
091A78C2-8708-49F5-8210-6E8EB9EDFEBD,171B61AF-0AF2-4B2A-8BF9-3EAACDB3EEF3,LACRI WHIT-7,Wheat
CBE97CAF-4AF4-4B9E-8199-6E9F43AB36D7,171B61AF-0AF2-4B2A-8BF9-3EAACDB3EEF3,LACRI WHIT-5,Wheat
9DB97327-64DF-424D-8BF2-6ECEA39BF61C,1278484F-8259-43D2-A515-D33FB989D0D5,TIS2532.OP.1.1,Sweet Potato
428374BB-A966-4940-BAFD-6F858B548A98,7B6860CA-3040-4DD3-A93B-D4EC093C9ADC,Rumba,Potato
04B55B9A-7154-4CAC-AD86-6FE17FAD26A3,795EAD8F-39B2-4C21-8281-EE8E6066B5DA,Synthetic Series I,Cocoa
C59B6D18-D0B5-4A67-A640-7025BA16BBBF,171B61AF-0AF2-4B2A-8BF9-3EAACDB3EEF3,SAM-WHIT-2,Wheat
F0CF2846-D096-4467-9E85-704093EFF3FA,6D9F9C32-1DBB-4E52-A853-6646F72106B4,FARO-31,Rice
653837FA-72BF-4A84-BAE7-70FED29E98DE,E9155862-1684-43FC-B386-EC9FEB7AE61B,TGx 1904-6F,Soybean
A11DA177-B35B-4D49-B81E-71D113F32F27,A7141777-9A95-4699-88FD-D959D28AB30B,IT84S-2246-4,Cowpea
25085B6A-A9B0-4D78-99B6-71DD99F28D14,6353556F-40FB-453B-B8C4-F38744C69B54,NARZH-1,Maize
3FB253D6-FC02-4B41-961E-725EADB90A6F,6D9F9C32-1DBB-4E52-A853-6646F72106B4,FARO-49,Rice
0AC58991-0482-4765-BA3C-72F9A1D56D88,6353556F-40FB-453B-B8C4-F38744C69B54,NARZH-13,Maize
6ED9DB18-933F-4B30-B0B8-734529F536D1,6353556F-40FB-453B-B8C4-F38744C69B54,NARZO-2,Maize
7ADFD753-38E1-49D9-8FC0-745FBFE25F8F,A7141777-9A95-4699-88FD-D959D28AB30B,SAMPEA 14,Cowpea
949AB4B3-7516-4AC5-ACFA-74B6470E095E,6D9F9C32-1DBB-4E52-A853-6646F72106B4,FARO-36,Rice
D45B0160-8F51-4DC4-AC82-755E3DA7B5FD,6353556F-40FB-453B-B8C4-F38744C69B54,DK920,Maize
54F1C9C9-F8E8-4E10-9EBB-758E2B834594,6D9F9C32-1DBB-4E52-A853-6646F72106B4,FARO-23,Rice
0E90E0AE-82AC-42E6-A53E-75FDC386992C,251358CD-F9F7-46D3-9212-A4709ADF6418,NICASS 11,Cassava
0E94341B-C1C9-4CE2-954D-762EED274F4C,6D9F9C32-1DBB-4E52-A853-6646F72106B4,FARO-7,Rice
249D3480-E9EF-47F2-A4DD-7696E6E5B4EE,6353556F-40FB-453B-B8C4-F38744C69B54,SAMMAZ 26,Maize
7A0A4403-2612-4BD2-BCF0-779BEAB9391B,C74EE7A8-CB4E-4CA8-A48C-BD39DE9AC123,NCS - 007,Sugarcane
450ABDC3-2382-4E50-BBC0-79B9C7D7B219,1DEAE052-F236-4711-932B-2C666A9C26F8,NHAMAR1,Amaranthus
E46A03BE-872E-4534-956A-79BD03A40B30,E9155862-1684-43FC-B386-EC9FEB7AE61B,TGx 1835-10E,Soybean
60786A3A-F83B-497E-87DC-7A32576E1A5D,251358CD-F9F7-46D3-9212-A4709ADF6418,NICASS 13,Cassava
F4C946E4-7152-41D7-80C8-7A3A97B6A042,B889043F-EAA0-448C-B0D1-71C1ED149AAB,MLSH 296 Gold,Sorghum
35BDD057-33C4-4AA1-8FB6-7B356F81A52C,B889043F-EAA0-448C-B0D1-71C1ED149AAB,SAMSORG-24,Sorghum
93248121-F164-42EA-8071-7B5CCCBE2137,B889043F-EAA0-448C-B0D1-71C1ED149AAB,SAMSORG-13,Sorghum
741054E3-B273-473F-A6D8-7B8245DB018E,B99637AF-25F2-4984-B2DD-9D2EACDFA2D6,SAMTOM -11,Tomato
271FBA1E-6A35-4066-9A11-7C4DA8FCB8F5,83962989-C0FE-4F48-9931-0334C79A451F,NCRIBEN-01M,Sesame
60807713-0BA5-436A-B078-7CACE265F415,1A4AE96B-BECE-425B-B8FC-FA1EF8914FF7,TDa98/01176,Yam
BC5036A0-5DD4-4812-82D7-7D5739734B5F,B889043F-EAA0-448C-B0D1-71C1ED149AAB,SAMSORG-40,Sorghum
C1840BB0-653C-4A6D-8F96-7DAD41EB7057,6353556F-40FB-453B-B8C4-F38744C69B54,NARZO-22,Maize
EBF16C2A-4B18-4DF4-BDF2-7DD964038A18,1A4AE96B-BECE-425B-B8FC-FA1EF8914FF7,TDa 00/00104,Yam
E1262CC1-C687-4B20-897C-7DF6DADB04C9,6353556F-40FB-453B-B8C4-F38744C69B54,SAMMAZ-11,Maize
BB1CB316-0A60-4E3C-AE33-7E04B39D7B8F,E9155862-1684-43FC-B386-EC9FEB7AE61B,TGX-713-09D,Soybean
1929109B-DF6A-4A7A-A2E8-7E69CFB62205,B99637AF-25F2-4984-B2DD-9D2EACDFA2D6,SAMTOM -3,Tomato
CCEEE3A6-1F52-430B-9746-7EAA05804AE1,12074FE8-29E3-49EE-92FA-75BB85983CC8,SAMIL-4,Pearl Millet
7FC68878-6557-48AA-80DE-7EC82D8444AD,251358CD-F9F7-46D3-9212-A4709ADF6418,NICASS 14,Cassava
A8784F9D-1D59-42E8-A754-7F07E6AC1460,A7141777-9A95-4699-88FD-D959D28AB30B,Dinner,Cowpea
30E4327D-C1AA-4088-B4D0-7F316F4E8EF0,12074FE8-29E3-49EE-92FA-75BB85983CC8,LCIC-MV-1,Pearl Millet
B6DF7A4A-133C-4B2F-BDB8-7F5CB095AAE6,E9155862-1684-43FC-B386-EC9FEB7AE61B,TGX-923-2E,Soybean
2E822B83-E5B4-4E6D-AD02-7FAA3B913A1F,6353556F-40FB-453B-B8C4-F38744C69B54,DK7508,Maize
3F53EAF5-92E9-4BDF-8C88-7FAE9CE9837A,751114EC-0C58-4B77-9BA6-DD7DA51181FB,SAMNUT-3,Groundnut
EC91F468-E073-448B-826F-7FB1A6FC2321,751114EC-0C58-4B77-9BA6-DD7DA51181FB,SAMNUT-10,Groundnut
EE1D0CCC-EA70-48D2-9CC5-81377453F27F,A7141777-9A95-4699-88FD-D959D28AB30B,SAMPEA-2,Cowpea
0BE0BB0A-E379-4448-B9C6-8268643D32F0,251358CD-F9F7-46D3-9212-A4709ADF6418,NICASS 21,Cassava
F046234E-2E6C-4DF4-A501-826E317FD2B5,6353556F-40FB-453B-B8C4-F38744C69B54,SAMMAZ 35,Maize
2231E35B-66F2-4911-B7BC-82C947530086,E9155862-1684-43FC-B386-EC9FEB7AE61B,TGX-1019-2EN,Soybean
E15E7F6F-BCD2-454A-879F-835B0B3F4E52,6353556F-40FB-453B-B8C4-F38744C69B54,Ife Maizehyb-1,Maize
53D1B87D-D048-4CE0-8016-8381834CC9AF,251358CD-F9F7-46D3-9212-A4709ADF6418,NICASS 12,Cassava
9B7D8CE5-9727-41F0-B9E2-838CA481A6DA,0FDB615B-473B-4459-8A8E-862B8A4724E7,Lue-gim-gong,Sweet Orange
56DC3FDA-745F-42FA-B7BD-83B3C0B60D24,6353556F-40FB-453B-B8C4-F38744C69B54,(OBA-99),Maize
05641DC6-2AF6-41E1-9A40-83D391AF97BD,795EAD8F-39B2-4C21-8281-EE8E6066B5DA,CRINTc-4,Cocoa
1F28FD67-2DA0-41F2-BA9C-83E2FD3865E7,12074FE8-29E3-49EE-92FA-75BB85983CC8,LCICMV-3 (Supersosat),Pearl Millet
4BB3FA65-3E44-496F-BA01-83EEA59CA9DE,1278484F-8259-43D2-A515-D33FB989D0D5,UMUSP 2,Sweet Potato
EAC00223-1767-4AF3-9AD1-84E3335317E8,B889043F-EAA0-448C-B0D1-71C1ED149AAB,SAMSORG-4,Sorghum
102411FD-3950-4263-9144-8505EF0DE92D,C74EE7A8-CB4E-4CA8-A48C-BD39DE9AC123,NCS -008,Sugarcane
1AB073FF-BCB0-4FE0-ABC8-85AACD3D7662,6353556F-40FB-453B-B8C4-F38744C69B54,SAMMAZ-9,Maize
B801EB77-1B54-48A1-A60E-86EB7BC885A9,6D9F9C32-1DBB-4E52-A853-6646F72106B4,FARO 59,Rice
F362BE59-51A4-43B3-824B-86F933F1ECF6,251358CD-F9F7-46D3-9212-A4709ADF6418,UMUCASS 34,Cassava
B81EB8E6-E6EE-484F-8F44-882C3FDE1232,6D9F9C32-1DBB-4E52-A853-6646F72106B4,FARO-54,Rice
378D6CFA-B971-4F88-AF3A-8831C975D025,69C29956-67E2-460D-801A-72CECFAA7430,SAMSUN-2,Sunflower
EDC1DB96-19B7-4F0A-AC3C-885D82A6851B,B889043F-EAA0-448C-B0D1-71C1ED149AAB,SAMSORG-9,Sorghum
2772EBAB-61E9-49E4-AFEA-88E91B15EB65,CC8E3CD6-BB01-4D0B-A983-DE3F1B5374B6,BR63-18,Irish Potato
65555458-3057-4A5C-8A31-8B4901ABC1DB,6234B6E1-8B57-46F7-80D2-D1EA086AE7AB,V2,Okra
2EF057B8-FA55-4DB1-B898-8B800384AB64,90512884-043A-47B6-8267-41F6C2E8F0B3,Jupiter,Pepper
9399A7C8-7B85-4A2B-812A-8D42FDC32B34,1278484F-8259-43D2-A515-D33FB989D0D5,TIS-8164,Sweet Potato
5CB11C7A-7B9B-4BC2-9555-8D72B23824D9,83962989-C0FE-4F48-9931-0334C79A451F,NCRIBEN-02M,Sesame
32165A3E-97E4-4F43-B486-8D7B950105E5,B889043F-EAA0-448C-B0D1-71C1ED149AAB,SAMSORG-39,Sorghum
E2137619-204F-4006-A549-8D8970BF36A6,1DEAE052-F236-4711-932B-2C666A9C26F8,NHOKRA1,Amaranthus
6C310AA0-0ECB-42C9-8828-8D91355DD590,A7141777-9A95-4699-88FD-D959D28AB30B,L25,Cowpea
DBA39357-68B2-4E2B-8982-8E1BB7E9F4BF,6353556F-40FB-453B-B8C4-F38744C69B54,SAMMAZ 40,Maize
C4867A64-B6D2-47F1-823E-8E9CF53E75C7,6D9F9C32-1DBB-4E52-A853-6646F72106B4,FARO-46,Rice
789E69F0-9F27-45F2-9B95-91569FB53171,A7141777-9A95-4699-88FD-D959D28AB30B,SAMPEA-4,Cowpea
5089658B-4B4D-40DD-B06C-91CB26F24B3A,2C74E558-0292-494A-983F-F52768A9A407,NHC 03,Corchorus
5B11A8AC-76CA-4E45-B728-92C2A1698070,6353556F-40FB-453B-B8C4-F38744C69B54,NARZO-19,Maize
3BF8F53D-611C-4780-B8C2-94CAEA4E2527,6353556F-40FB-453B-B8C4-F38744C69B54,BR9943 DMRSR,Maize
BF8E0CB2-75D6-4E7C-9887-94D5BC6D8D46,8AC3002A-7DF0-45B9-96E1-9FFE44AE6C8F,NIG-802,Rubber
04C994C1-28AA-4DEE-A5CF-967F361E17FB,B889043F-EAA0-448C-B0D1-71C1ED149AAB,SAMSORG-36,Sorghum
02200609-F1EB-4CA3-9A08-9716C0E32366,A953817D-3FF4-490D-97DC-2AC138B2B32B,SAMCOT-1,Cotton
370502D2-18B8-4151-BB7D-975DA25490E9,8AC3002A-7DF0-45B9-96E1-9FFE44AE6C8F,NIG-808,Rubber
4835DFE9-37E1-4F8F-8CE5-98614581216F,2C74E558-0292-494A-983F-F52768A9A407,NHC 06,Corchorus
073F4946-005A-4F47-BC0A-98936DDB8454,251358CD-F9F7-46D3-9212-A4709ADF6418,UMUCASS 37,Cassava
C946FDBF-5790-4992-B844-98A86F95FD17,6353556F-40FB-453B-B8C4-F38744C69B54,DK390,Maize
98AE5EA8-B5CB-4654-921B-997336B63F1F,C74EE7A8-CB4E-4CA8-A48C-BD39DE9AC123,NCS -006,Sugarcane
1984160B-1D5A-41FF-B925-999BEF5641CA,6D9F9C32-1DBB-4E52-A853-6646F72106B4,FARO-24,Rice
A6F6D1A5-8A87-4C9A-9111-99A01EF24DA9,C74EE7A8-CB4E-4CA8-A48C-BD39DE9AC123,B-61208,Sugarcane
77B90FE6-03C0-4656-A8DB-9A0E7D99D9B9,C74EE7A8-CB4E-4CA8-A48C-BD39DE9AC123,CO - 62175,Sugarcane
130830DC-5991-4ADF-8712-9A1DDA442726,A7141777-9A95-4699-88FD-D959D28AB30B,Ife Brown (Irawo),Cowpea
C1BD4940-8283-44EF-BD44-9A35E955A176,A7141777-9A95-4699-88FD-D959D28AB30B,SAMPEA-8,Cowpea
6C282C69-9162-4AE3-BFB6-9A5915998EDB,B99637AF-25F2-4984-B2DD-9D2EACDFA2D6,Onityre,Tomato
18135138-470F-479B-9F9A-9ABA66FC88A9,6353556F-40FB-453B-B8C4-F38744C69B54,NARZH-16,Maize
A72A1198-92AB-4E55-BA41-9AC5DB9442DD,C695366D-5862-4486-B138-B3B368A717D0,ILRI-152,Forage Legume
1EC020D6-9B34-494E-B06B-9B2C5BC43D72,171B61AF-0AF2-4B2A-8BF9-3EAACDB3EEF3,LACRI WHIT-4,Wheat
3AA62871-EDBA-47BC-A9A8-9B8B66990888,6353556F-40FB-453B-B8C4-F38744C69B54,NARZO-24,Maize
A33604CC-E4A7-4C61-B872-9BBC6D654110,B889043F-EAA0-448C-B0D1-71C1ED149AAB,SAMSORG-6,Sorghum
E3ED394C-0F6E-48F9-973D-9C3F9FC731D6,6353556F-40FB-453B-B8C4-F38744C69B54,NARZO-15,Maize
B2CF51A2-0403-4E2C-BAAD-9C819AF353E3,CC8E3CD6-BB01-4D0B-A983-DE3F1B5374B6,VC 785-2,Irish Potato
0D32BC97-473F-4372-9AB3-9C88D503E5C4,A7141777-9A95-4699-88FD-D959D28AB30B,Nigerian Brown 7 (NB7),Cowpea
58087B70-DD37-4E49-8170-9CA4FD48AC17,8CF972AF-9B87-40EB-9731-99C79B701AC3,Osungba 2,Solanum
2E7ADFE5-E0DE-4223-92CE-9CF32E886547,1A4AE96B-BECE-425B-B8FC-FA1EF8914FF7,DRN 200/4/2,Yam
DFABB366-20D4-42D7-9D18-9E0EE86B8557,B99637AF-25F2-4984-B2DD-9D2EACDFA2D6,Chibli,Tomato
F25E122F-0035-4D82-A68B-9E2BC6013D56,8AC3002A-7DF0-45B9-96E1-9FFE44AE6C8F,NIG-811,Rubber
883007D2-27C9-4180-8529-9E41100560FB,1A4AE96B-BECE-425B-B8FC-FA1EF8914FF7,TDR 89/01213,Yam
0F0203D2-AD48-43F7-ABD7-9E85133C564D,C74EE7A8-CB4E-4CA8-A48C-BD39DE9AC123,C - 1001,Sugarcane
A55847C3-F914-42DD-9D42-9F0A14556F0A,6353556F-40FB-453B-B8C4-F38744C69B54,P48W03,Maize
AC6F08BC-C735-4609-8034-9F480DA5AD42,6D9F9C32-1DBB-4E52-A853-6646F72106B4,FARO-18,Rice
FB91C4C1-9DFD-451A-8D9D-A017AFCAFF17,6353556F-40FB-453B-B8C4-F38744C69B54,SAMMAZ-12,Maize
5D958055-B6D8-4D83-AA76-A0780A22D310,6353556F-40FB-453B-B8C4-F38744C69B54,NARZH-10,Maize
051AC6F9-1340-432E-BF60-A15902F7F1C1,6353556F-40FB-453B-B8C4-F38744C69B54,SAMMAZ 22,Maize
3809AA39-FDDE-49A5-B280-A1DB6B557773,6D9F9C32-1DBB-4E52-A853-6646F72106B4,UPIA 2,Rice
6F818CEC-C836-4171-9B04-A2E3DE3EF737,6353556F-40FB-453B-B8C4-F38744C69B54,SAMMAZ 13,Maize
0A35C1B7-3576-4B8F-B2B5-A2F558D6D779,1A4AE96B-BECE-425B-B8FC-FA1EF8914FF7,TDa98/01166,Yam
23F606E6-0D5C-4AE2-9D31-A3166494282E,B889043F-EAA0-448C-B0D1-71C1ED149AAB,SAMSORG-26,Sorghum
E5EBEB89-0A51-41F7-93A0-A34E2AFEF620,A7141777-9A95-4699-88FD-D959D28AB30B,Kudi,Cowpea
42B4BE56-9B44-4294-97FA-A360C0B2DC6F,6353556F-40FB-453B-B8C4-F38744C69B54,TZL Composite 4-SR,Maize
66D6526E-BC66-45F1-B830-A381986CCA95,1278484F-8259-43D2-A515-D33FB989D0D5,TIS-87/0087,Sweet Potato
8A2444C8-5516-4756-AFAC-A3A040FAC907,C695366D-5862-4486-B138-B3B368A717D0,ILRI-12463,Forage Legume
5E5AA005-6114-4354-A0BE-A4C3BCA5875E,6D9F9C32-1DBB-4E52-A853-6646F72106B4,FARO-48,Rice
1B6EE3D6-E85E-48DA-A870-A5FEE5F84C7D,795EAD8F-39B2-4C21-8281-EE8E6066B5DA,Hybrid Series II,Cocoa
B8EAB930-77AF-4D63-801C-A7DCC2F74B7E,6D9F9C32-1DBB-4E52-A853-6646F72106B4,FARO-37,Rice
52612999-2579-436B-A80E-A84EF9B7AD92,B99637AF-25F2-4984-B2DD-9D2EACDFA2D6,SAMTOM -5,Tomato
39525D12-1AD8-41DA-81C0-A8B60B0EFE32,751114EC-0C58-4B77-9BA6-DD7DA51181FB,SAMNUT 24,Groundnut
472F2F8A-CAFF-43AC-9E8E-A998057E7591,251358CD-F9F7-46D3-9212-A4709ADF6418,NICASS 27,Cassava
98C467D4-3D4D-4729-8BDE-A9D313494885,0FDB615B-473B-4459-8A8E-862B8A4724E7,Parson Brown,Sweet Orange
AC84968D-D5C6-448A-B35A-A9FCE7FD681D,B40999F4-FA9D-464F-A2AF-4E41A7FC70B2,Egusi Bara,Melon
E55C86DC-96EA-4668-85B5-AA6540C594E3,2C74E558-0292-494A-983F-F52768A9A407,NHC 09,Corchorus
8E3E381A-C35D-48A9-AF7C-ABACBC1529FB,C74EE7A8-CB4E-4CA8-A48C-BD39DE9AC123,B 47419,Sugarcane
43F93BEE-4205-4AF8-822E-AC1FE5E9502F,6353556F-40FB-453B-B8C4-F38744C69B54,SAMMAZ 21,Maize
E4A83DD3-27DB-4927-A620-AC99FDC56BF9,7B6860CA-3040-4DD3-A93B-D4EC093C9ADC,Marabel,Potato
2BF13F5F-0B72-4F68-BFB3-ADA7A8D66219,6353556F-40FB-453B-B8C4-F38744C69B54,NARZH-14,Maize
7D2ABC87-A745-4305-9349-AE043AA99AE0,E9155862-1684-43FC-B386-EC9FEB7AE61B,TGX-306-036C,Soybean
F8512485-2459-4333-9C26-AF3159A41B5D,6353556F-40FB-453B-B8C4-F38744C69B54,NARZO-10,Maize
AA90927B-FE7D-4F24-B407-AF95FAEDD0C7,A7141777-9A95-4699-88FD-D959D28AB30B,SAMPEA 11,Cowpea
C3E3273D-348C-490E-9F21-AFC11DA9E08B,6353556F-40FB-453B-B8C4-F38744C69B54,NARZO-18,Maize
0B89F6F9-5D11-4BAE-ACAE-B0132ED75481,6D9F9C32-1DBB-4E52-A853-6646F72106B4,FARO-28,Rice
C7FE3A2E-2D6B-40C3-A0D7-B192423E8B09,6353556F-40FB-453B-B8C4-F38744C69B54,NARZH-17,Maize
F27CFCAA-EB87-44E7-AF4B-B1A6D16127F2,6D9F9C32-1DBB-4E52-A853-6646F72106B4,FARO-5,Rice
C00C05A8-5691-429E-983D-B1C1C9680FC2,65EC050A-0AD7-4A0E-BC68-C84EE9F7DBF0,EWS-NIFOR4,Oil Palm
0A6A8FE3-F153-4446-84A1-B1CC6EC8E33B,B889043F-EAA0-448C-B0D1-71C1ED149AAB,SAMSORG-8,Sorghum
91F224F1-B435-4255-BE45-B21BA3018BE8,3451AF63-CB73-44A9-B60C-9D156B353B21,NIFOR-DATE PALM1,Date Palm
7881380E-2B81-436C-AB80-B27FC9840470,A953817D-3FF4-490D-97DC-2AC138B2B32B,SAMCOT-6,Cotton
3E1FEDEE-5272-4666-BBE1-B282FB45AA28,795EAD8F-39B2-4C21-8281-EE8E6066B5DA,CRINTc-2,Cocoa
C450DEB2-2B7A-4A9B-9E37-B30377F14B77,6D9F9C32-1DBB-4E52-A853-6646F72106B4,FARO-9,Rice
184EF763-5C7D-4345-96DE-B34F988EA11E,6D9F9C32-1DBB-4E52-A853-6646F72106B4,FARO-42,Rice
E9A6F0CB-00D3-4DA9-BA21-B38B073049A0,B889043F-EAA0-448C-B0D1-71C1ED149AAB,SAMSORG-38,Sorghum
FE659C06-031A-4569-9D6F-B39E80E57A53,B889043F-EAA0-448C-B0D1-71C1ED149AAB,CSR 02*,Sorghum
E529816A-ECFE-4619-B4C9-B40602B9CD35,A953817D-3FF4-490D-97DC-2AC138B2B32B,SAMCOT-7,Cotton
8E523406-9F22-4E39-A4FF-B466A9F1FE0C,751114EC-0C58-4B77-9BA6-DD7DA51181FB,SAMNUT-1,Groundnut
2A6DC39C-7649-461C-B65D-B47C4F8B7ABA,6353556F-40FB-453B-B8C4-F38744C69B54,NARZH-9,Maize
FE89D902-8BAA-4374-81D7-B50B36247AE1,6353556F-40FB-453B-B8C4-F38744C69B54,SAMMAZ 34,Maize
E7C8ACC8-1E61-405D-AFE6-B51AD54C32CD,6353556F-40FB-453B-B8C4-F38744C69B54,NARZO-6,Maize
7BA48B24-AC31-4AD5-BD88-B51B6C060AAC,B99637AF-25F2-4984-B2DD-9D2EACDFA2D6,SAMTOM -9,Tomato
B39A6FAB-51D8-4539-B6AE-B54000BF812B,751114EC-0C58-4B77-9BA6-DD7DA51181FB,SAMNUT-21,Groundnut
5AB6C350-8534-4B9F-8AA8-B6761F78A82F,6353556F-40FB-453B-B8C4-F38744C69B54,DK818,Maize
F64ECD60-96F5-4612-926B-B783D70424C1,A7141777-9A95-4699-88FD-D959D28AB30B,SAMPEA-7,Cowpea
6E3FC475-53AB-4E04-AEE4-B7AB9127AE5D,251358CD-F9F7-46D3-9212-A4709ADF6418,UMUCASS 35,Cassava
10A96370-2480-4E97-BBE2-B7EDE926B8C3,1DEAE052-F236-4711-932B-2C666A9C26F8,Tete (Opopo),Amaranthus
0BBF31AF-22EE-45A6-9E3A-B82623D716B1,B889043F-EAA0-448C-B0D1-71C1ED149AAB,SAMSORG-15,Sorghum
DD1A0D3B-E3CD-4456-8CC8-B8EAEE4C899B,B889043F-EAA0-448C-B0D1-71C1ED149AAB,SAMSORG-10,Sorghum
21FE6338-D518-4CC4-AC2B-B92E71374C97,A7141777-9A95-4699-88FD-D959D28AB30B,SAMPEA 15,Cowpea
E2959A78-ED5B-46D6-A4EB-B97D62BDB22E,1A4AE96B-BECE-425B-B8FC-FA1EF8914FF7,UMUDr-18,Yam
F261E7AE-9661-438E-B702-B9F961E477C6,B889043F-EAA0-448C-B0D1-71C1ED149AAB,SAMSORG-22,Sorghum
DDF50B29-1E23-4141-8B68-BA0CC4EBD5FB,B99637AF-25F2-4984-B2DD-9D2EACDFA2D6,Tylka,Tomato
50CCD60F-CECD-436A-AB82-BADBEC8F7D63,251358CD-F9F7-46D3-9212-A4709ADF6418,NICASS 19,Cassava
EBF23448-0DC9-433D-AB84-BB457A0470DE,751114EC-0C58-4B77-9BA6-DD7DA51181FB,SAMNUT-4,Groundnut
A4563891-3689-4FE3-9847-BBB3AA97EC4C,83962989-C0FE-4F48-9931-0334C79A451F,NCRIBEN-05E,Sesame
0404F1AA-1C15-45CA-A17E-BBD6A9D4312C,6D9F9C32-1DBB-4E52-A853-6646F72106B4,FARO 63,Rice
8C901B08-8CDC-40AD-93FA-BC20ED15E14C,1A4AE96B-BECE-425B-B8FC-FA1EF8914FF7,UMUDr-17,Yam
C645DA76-90AB-41F6-8710-BE22E1FD583E,751114EC-0C58-4B77-9BA6-DD7DA51181FB,SAMNUT-22,Groundnut
56E4A536-DE5F-4212-B9C7-BE37F8EEC504,6D9F9C32-1DBB-4E52-A853-6646F72106B4,FARO-16,Rice
32E3456E-C90C-442E-AA88-BE9AD75AD36D,E9155862-1684-43FC-B386-EC9FEB7AE61B,TGx 1987-10F,Soybean
558655BC-3A65-46E8-B606-BEF6C66966D6,6353556F-40FB-453B-B8C4-F38744C69B54,SAMMAZ 38,Maize
17B782E2-ACD6-4D6A-912D-BF156C36B863,E9155862-1684-43FC-B386-EC9FEB7AE61B,TGX-1440-1E,Soybean
AC2A3984-1ECA-490C-84EB-BF3F3C6BE04C,6353556F-40FB-453B-B8C4-F38744C69B54,Oba Super 3,Maize
F6292A06-7AF6-412D-9E19-C0276F9B5209,E9155862-1684-43FC-B386-EC9FEB7AE61B,Malayan,Soybean
733FD099-7E8E-4058-8FBB-C0B8FE9E65E8,6D9F9C32-1DBB-4E52-A853-6646F72106B4,UPIA 1,Rice
815F9703-67AA-472A-8C5B-C1A14B270322,B889043F-EAA0-448C-B0D1-71C1ED149AAB,SAMSORG-25,Sorghum
2E4D8DCC-9BD2-4E86-B08B-C1EBF08B87A6,A953817D-3FF4-490D-97DC-2AC138B2B32B,SAMCOT-12,Cotton
B4B8767B-773E-4397-84D9-C2287ACD3BD9,8CF972AF-9B87-40EB-9731-99C79B701AC3,Ogudu,Solanum
D20E8243-9A87-4AFE-B5DA-C22AFFD46862,251358CD-F9F7-46D3-9212-A4709ADF6418,NICASS 17,Cassava
18AF845B-1150-4223-8309-C2D706D856BC,0FDB615B-473B-4459-8A8E-862B8A4724E7,Pine apple,Sweet Orange
58B88895-2CC3-4AC0-AE98-C2FC6EEFE541,171B61AF-0AF2-4B2A-8BF9-3EAACDB3EEF3,SAM-WHIT-4,Wheat
4A605FA0-AE44-44FE-B88C-C314DD26DD14,6353556F-40FB-453B-B8C4-F38744C69B54,Oba Super 4,Maize
8468E0DF-56EE-47E6-80ED-C465A6803A50,6353556F-40FB-453B-B8C4-F38744C69B54,SAMMAZ 27,Maize
3A8F8725-94C2-48E2-845B-C4E8C2D7D0F1,C695366D-5862-4486-B138-B3B368A717D0,ILRI-75,Forage Legume
DCD625E4-7383-4F29-B517-C5464B59332E,6D9F9C32-1DBB-4E52-A853-6646F72106B4,FARO 61,Rice
46050850-7D25-4C7E-AEDC-C5684214E10E,69C29956-67E2-460D-801A-72CECFAA7430,SAMSUN-4,Sunflower
3A4A98AD-C422-4431-BA61-C5874497001E,0FDB615B-473B-4459-8A8E-862B8A4724E7,Umudike,Sweet Orange
E88149E8-1C0E-435B-8435-C5B52599978C,6353556F-40FB-453B-B8C4-F38744C69B54,SAMMAZ 52,Maize
7137CFD4-2F9F-4388-BFDE-C5E6AF19F01A,171B61AF-0AF2-4B2A-8BF9-3EAACDB3EEF3,LACRI WHIT-8,Wheat
A1C50FBF-6C92-4AE7-8C10-C6934A3710D4,6D9F9C32-1DBB-4E52-A853-6646F72106B4,FARO-38,Rice
A56619AD-E22A-4ADB-96B4-C7381DC229B0,C695366D-5862-4486-B138-B3B368A717D0,ILRI-15876,Forage Legume
21C4BD3D-7696-439F-930A-C7B34376E83D,0FDB615B-473B-4459-8A8E-862B8A4724E7,Agege1,Sweet Orange
101161AB-7F9E-40C6-B05B-C84CDFB6E541,90512884-043A-47B6-8267-41F6C2E8F0B3,Ata Rodo,Pepper
B86E37E4-0BDF-40CE-82A3-C85CEAD5AF60,6353556F-40FB-453B-B8C4-F38744C69B54,NARZO-21,Maize
300E6A9A-60BC-49D0-A213-C871ABE00023,6353556F-40FB-453B-B8C4-F38744C69B54,NARZO-7,Maize
0188C067-5E19-4292-AA20-C87ECAFDF0FC,6353556F-40FB-453B-B8C4-F38744C69B54,(OBA-FEMI),Maize
21DCFA90-B904-4752-B29C-C912A58A7615,6D9F9C32-1DBB-4E52-A853-6646F72106B4,FARO-53,Rice
E5D017BE-2A18-4024-AB56-C929CE9DEBFA,6353556F-40FB-453B-B8C4-F38744C69B54,SAMMAZ 43,Maize
2A7D1CDD-6EEB-4B38-A357-C9548628500F,B99637AF-25F2-4984-B2DD-9D2EACDFA2D6,SAMTOM -4,Tomato
128398ED-1EEA-4B92-8F41-CA1AE1FB593C,6353556F-40FB-453B-B8C4-F38744C69B54,NARZH-7,Maize
3E6EB217-0A56-4AB5-A617-CB20B59C5975,251358CD-F9F7-46D3-9212-A4709ADF6418,UMUCASS 45,Cassava
233023C9-A186-4EE1-AA6B-CB23078CF06E,12074FE8-29E3-49EE-92FA-75BB85983CC8,SAMIL-6,Pearl Millet
6367EF50-DB70-4231-8246-CB50EC9C8BE8,3E376EA2-A23B-4C9C-928E-1DFDF3922B6C,Pruktor,Cabbage
D2E93215-4FF3-4ED9-86AF-CBAA37F30D9F,2A89661C-9161-4002-8939-1F6FC90A7054,Lake' tangelo,Tangelo
760B0CF5-D4FF-4A41-A2FB-CD9728F8D4E8,251358CD-F9F7-46D3-9212-A4709ADF6418,NICASS 18,Cassava
12ECCE0A-4A86-4DE1-B39D-CDEC74AAD363,6D9F9C32-1DBB-4E52-A853-6646F72106B4,FARO-22,Rice
E64E2318-0573-412C-9454-CE0E5F57A34B,251358CD-F9F7-46D3-9212-A4709ADF6418,UMUCASS 46,Cassava
53AFAD48-AA3A-4449-9C75-CE32DB515EFD,A7141777-9A95-4699-88FD-D959D28AB30B,SAMPEA 12,Cowpea
E8F1119E-0C1E-4FC5-B6CA-CE5A4B0EB495,B99637AF-25F2-4984-B2DD-9D2EACDFA2D6,Tomato,Tomato
1C5830EB-7AA0-44CA-A57A-CE9D05704987,C74EE7A8-CB4E-4CA8-A48C-BD39DE9AC123,NCS 002,Sugarcane
66E9B964-CF1B-48CB-A0C1-CF4589EEE5F5,6353556F-40FB-453B-B8C4-F38744C69B54,NARZH-15,Maize
256B4862-9ADA-4323-AAAF-CFDEB953B2BD,A953817D-3FF4-490D-97DC-2AC138B2B32B,SAMCOT-4,Cotton
99A6543B-7AAE-4F44-AAEC-D04DF23AFE85,1A4AE96B-BECE-425B-B8FC-FA1EF8914FF7,TDa98/01168,Yam
823C25DE-43AD-4E68-B3B0-D165425C7E06,8AC3002A-7DF0-45B9-96E1-9FFE44AE6C8F,NIG-801,Rubber
026CA849-B1C7-443C-833C-D166B3004DD5,FBB202E1-C396-4F6B-AD30-465099E4F065,AC58,Kola
7B34903C-6E8D-4FB2-B49D-D200ACC56CF6,6353556F-40FB-453B-B8C4-F38744C69B54,FARALOKUN,Maize
64D1E6C0-8254-439C-B566-D24BCB6CF3A4,C695366D-5862-4486-B138-B3B368A717D0,ILRI-15557/ ,Forage Legume
1FAAEED9-D90A-492D-BEC6-D29DBE370394,B889043F-EAA0-448C-B0D1-71C1ED149AAB,MLSH 151,Sorghum
2EAA0487-954E-4A8E-9F74-D2A44B11EB2B,1A4AE96B-BECE-425B-B8FC-FA1EF8914FF7,TDr 95/19158,Yam
CD0B5CD7-F967-4D37-B3CB-D3FA0770757D,6353556F-40FB-453B-B8C4-F38744C69B54,SAMMAZ 47,Maize
0E862282-20DA-4DA5-B674-D4363ED035DC,B889043F-EAA0-448C-B0D1-71C1ED149AAB,SAMSORG-35,Sorghum
7513E364-8A2E-4E36-918B-D44638A1E7DA,6353556F-40FB-453B-B8C4-F38744C69B54,NARZO-20,Maize
F9A1B5F2-5546-4970-9C03-D4949C25985A,69C29956-67E2-460D-801A-72CECFAA7430,SAMSUN-3,Sunflower
482B3C8D-B3C3-4434-AAB9-D513EC74E38B,2B2F6920-A28E-4A85-A968-40EC1A613565,TLV 8,Sokoyokoto
4CF0F592-47FB-45B1-AFE5-D69F8DB71B77,251358CD-F9F7-46D3-9212-A4709ADF6418,NICASS 2,Cassava
388416D2-1037-41FB-B2C9-D6C46D7E617E,251358CD-F9F7-46D3-9212-A4709ADF6418,NICASS 24,Cassava
BFBBF8EF-3B0D-4866-A93A-D6FD29F12953,E9155862-1684-43FC-B386-EC9FEB7AE61B,SAMSOY-2,Soybean
A5C2FB51-94B1-4EDD-B052-D74790939B78,251358CD-F9F7-46D3-9212-A4709ADF6418,NICASS 26,Cassava
6449C31D-B452-4758-9132-D8BE08424130,B889043F-EAA0-448C-B0D1-71C1ED149AAB,SAMSORG-17,Sorghum
DEB4A919-9036-4D7E-B923-D8DBA069BA32,A7141777-9A95-4699-88FD-D959D28AB30B,SAMPEA 13,Cowpea
4D203A4B-7837-4B00-A85F-D95DC3B27B02,1A4AE96B-BECE-425B-B8FC-FA1EF8914FF7,TDr 89/02660,Yam
B3BA380E-A126-4AE3-B9E1-D968750A9FD0,751114EC-0C58-4B77-9BA6-DD7DA51181FB,SAMNUT-8,Groundnut
22BB33F5-2AE1-4EBD-B323-D9EF482549EA,6D9F9C32-1DBB-4E52-A853-6646F72106B4,FARO-51,Rice
E2A2D2BC-30D3-403D-8E1F-DA790B905D9B,6353556F-40FB-453B-B8C4-F38744C69B54,SAMMAZ 51,Maize
F35D4FEE-501C-4775-B044-DA95F0E8D9D6,0FDB615B-473B-4459-8A8E-862B8A4724E7,Bende,Sweet Orange
0D1CC62C-2906-48CC-88BD-DAA84F2AAB88,6353556F-40FB-453B-B8C4-F38744C69B54,SAMMAZ 44,Maize
6D82D7D8-A2CC-4FC8-B2A0-DB2F8DAE0E33,251358CD-F9F7-46D3-9212-A4709ADF6418,NICASS 30,Cassava
22EE51AE-7DCC-45F3-AFB9-DB849EE4FEDC,251358CD-F9F7-46D3-9212-A4709ADF6418,UMUCASS 36,Cassava
FC9F955B-290B-4214-8E89-DBEC0C36E78A,B889043F-EAA0-448C-B0D1-71C1ED149AAB,CSR-03 H,Sorghum
40F6DE9D-C662-4D01-8CD5-DBF8BAB989A6,DB78FFC7-8844-419F-8C13-147025912039,Quillou,Coffee
5D0B1DAF-0898-4CDB-AC3E-DC8D145CC4A1,B889043F-EAA0-448C-B0D1-71C1ED149AAB,SAMSORG-16,Sorghum
4DC6A6E1-ADF5-46DE-AD22-DCDF2D4A1162,6D9F9C32-1DBB-4E52-A853-6646F72106B4,FARO-55,Rice
C8AD859B-9BC9-44BD-842B-DD2089FFAADD,1A4AE96B-BECE-425B-B8FC-FA1EF8914FF7,UMUDr-20,Yam
2C83F202-1CAE-4B66-982E-DD21BEB015CB,751114EC-0C58-4B77-9BA6-DD7DA51181FB,SAMNUT-5,Groundnut
F8B29277-73F9-4A9F-B8F1-DD366EBDF8AC,751114EC-0C58-4B77-9BA6-DD7DA51181FB,SAMNUT-7,Groundnut
F6A28625-392F-439C-9F9F-DE733D352431,6D9F9C32-1DBB-4E52-A853-6646F72106B4,FARO-33,Rice
EE9283F5-7399-4C8F-B1E2-DF0AB24A1FCA,B889043F-EAA0-448C-B0D1-71C1ED149AAB,SAMSORG-H4,Sorghum
9823869C-BBD4-4418-919A-DFC95351A19C,A7141777-9A95-4699-88FD-D959D28AB30B,SAMPEA-10,Cowpea
0DEB42C1-5F59-4AD5-833B-DFDD9182F05E,251358CD-F9F7-46D3-9212-A4709ADF6418,UMUCASS 41,Cassava
A6589C6A-7B89-4E6C-AB3B-E01133313CC1,251358CD-F9F7-46D3-9212-A4709ADF6418,NICASS 25,Cassava
12CC4DF0-1B02-4FE0-819B-E05CD3C933BD,6353556F-40FB-453B-B8C4-F38744C69B54,SC612,Maize
4057DEF8-F04A-4C90-8559-E067C9327D5E,6D9F9C32-1DBB-4E52-A853-6646F72106B4,FARO-12,Rice
15166D5C-7136-4CDF-9F7A-E140F5CCFBB0,E9155862-1684-43FC-B386-EC9FEB7AE61B,NCRISOY 1,Soybean
AAD429A3-B20F-4609-8D15-E17F9388DBDA,6D9F9C32-1DBB-4E52-A853-6646F72106B4,FARO 62,Rice
693207A2-B8AA-4047-BE5D-E1A27FC240A1,6D9F9C32-1DBB-4E52-A853-6646F72106B4,FARO 60,Rice
764CE88D-0371-4A60-8BB6-E1D85ED1C72D,C74EE7A8-CB4E-4CA8-A48C-BD39DE9AC123,ILS-002,Sugarcane
87FC1B6B-6A28-4F00-A303-E1DE24595F2E,6D9F9C32-1DBB-4E52-A853-6646F72106B4,FARO-57,Rice
306A37E0-86DA-44DB-AB3F-E2525341E426,251358CD-F9F7-46D3-9212-A4709ADF6418,NICASS 9,Cassava
8920F7C5-3A88-4E91-BADC-E3A950EFC91A,171B61AF-0AF2-4B2A-8BF9-3EAACDB3EEF3,LACRI WHIT-2,Wheat
53A4E8CC-B289-48F7-9701-E4AA5339439A,C74EE7A8-CB4E-4CA8-A48C-BD39DE9AC123,B 63349,Sugarcane
DF247EE1-6238-4CE4-B71B-E54C511F0D10,6353556F-40FB-453B-B8C4-F38744C69B54,NARZO-11,Maize
2ED4CAEF-5D6B-4849-8A03-E564709A75C4,751114EC-0C58-4B77-9BA6-DD7DA51181FB,SAMNUT-6,Groundnut
F96B6E7B-D9CF-42FC-8CCA-E69F8690B73E,A953817D-3FF4-490D-97DC-2AC138B2B32B,SAMCOT-13,Cotton
8E79689F-46F4-4574-BEDF-E69FEFBC3087,6353556F-40FB-453B-B8C4-F38744C69B54,SAMMAZ 54,Maize
833C0064-DD9D-4C58-8C55-E6FBCCBC41D0,6353556F-40FB-453B-B8C4-F38744C69B54,SUWAN 1-SR,Maize
09AFA0AE-8C4E-43AD-AAE7-E6FDE5951A5E,6353556F-40FB-453B-B8C4-F38744C69B54,SAMMAZ 33,Maize
AB441A04-4A59-4560-BFD4-E71B4ACC7109,1A4AE96B-BECE-425B-B8FC-FA1EF8914FF7,TDR 89/02565,Yam
C2713BD6-7434-454E-BC23-E81E18663E41,69C29956-67E2-460D-801A-72CECFAA7430,SAMSUN-1,Sunflower
61E5EEA1-493F-4260-AD13-E9614C32B4B6,6D9F9C32-1DBB-4E52-A853-6646F72106B4,FARO-15,Rice
B7DEF157-ED67-426F-8FC5-EA0469E2090C,C74EE7A8-CB4E-4CA8-A48C-BD39DE9AC123,B 51129,Sugarcane
EB89F8EB-AB67-45B5-8884-EA5D0E81AEEA,6D9F9C32-1DBB-4E52-A853-6646F72106B4,UPIA 3,Rice
5A00EF43-FDB0-4676-B47E-EA894118C43D,6353556F-40FB-453B-B8C4-F38744C69B54,Ife Maizehyb-2,Maize
7679109A-48AE-413A-9ADB-EAA90C09C2D7,6D9F9C32-1DBB-4E52-A853-6646F72106B4,FARO-10,Rice
4F0944A5-EF16-4A3C-BE52-EAE0BDC7996B,B889043F-EAA0-448C-B0D1-71C1ED149AAB,CSR-04 H,Sorghum
8D7FBC15-5CB0-4FFB-991D-EB8E4BC0A599,C74EE7A8-CB4E-4CA8-A48C-BD39DE9AC123,CB - 53/98,Sugarcane
E38D5BE4-05F0-4EF7-BDEA-EC617DA547C2,A7141777-9A95-4699-88FD-D959D28AB30B,SAMPEA-1,Cowpea
BA469EDE-BC9C-4AC1-9554-ECE658E3C91C,6353556F-40FB-453B-B8C4-F38744C69B54,NARZH-20,Maize
CADDCFF4-D927-449D-9B94-ED8FF89AEA2D,1278484F-8259-43D2-A515-D33FB989D0D5,UMUSP 3,Sweet Potato
B278AD34-A0E1-481B-8BF3-EDD2934EE11A,6353556F-40FB-453B-B8C4-F38744C69B54,Ife Maizehyb-3,Maize
8E9923FA-1E94-4BAF-AC61-EE1D424F3E38,6353556F-40FB-453B-B8C4-F38744C69B54,SAMMAZ 46,Maize
4558A4D0-0A10-45D3-AB51-EE3C1BC0E9B1,6D9F9C32-1DBB-4E52-A853-6646F72106B4,FARO-41,Rice
D031B8CC-4428-40C8-8453-EE40AA1F0B72,751114EC-0C58-4B77-9BA6-DD7DA51181FB,SAMNUT-19,Groundnut
A6CC9DCA-9BBC-4BE8-AF2C-EE41F27FCD60,6D9F9C32-1DBB-4E52-A853-6646F72106B4,FARO 58,Rice
90E9CDBE-32BD-4DB7-8702-EE4F06805EBA,6353556F-40FB-453B-B8C4-F38744C69B54,SAMMAZ 32,Maize
1B3A0971-34EA-4467-8E91-EE65CCDC62EE,171B61AF-0AF2-4B2A-8BF9-3EAACDB3EEF3,LACRI WHIT-6,Wheat
04BC3E1E-1AF1-4453-B9E8-EE65F9085C4A,6353556F-40FB-453B-B8C4-F38744C69B54,SAMMAZ 25,Maize
0A25D920-CB32-4949-B381-EE6CF13A29FA,6353556F-40FB-453B-B8C4-F38744C69B54,SAMMAZ 23,Maize
DBA1CA55-96CC-4879-B12F-EEF390BCF91A,251358CD-F9F7-46D3-9212-A4709ADF6418,NICASS 15,Cassava
7D0F3CEE-AC3D-4AA3-ADDE-EF5702AE6C48,1A4AE96B-BECE-425B-B8FC-FA1EF8914FF7,TDr 89/02602,Yam
DBD45F8E-557E-4A1A-9863-EF78A738F25C,6D9F9C32-1DBB-4E52-A853-6646F72106B4,FARO 64,Rice
C080B176-15D0-495A-AB0F-EFB49A6ED217,6D9F9C32-1DBB-4E52-A853-6646F72106B4,FARO 67,Rice
786E8FA1-79FA-4781-9B7B-F011F03626A1,0FDB615B-473B-4459-8A8E-862B8A4724E7,Washington Navel,Sweet Orange
FFF68C48-070C-4EDA-87D3-F03E8533747C,1A4AE96B-BECE-425B-B8FC-FA1EF8914FF7,TDa 00/00194,Yam
2AD2C409-3FCC-45CD-ABEA-F0A00DAB50DF,E9155862-1684-43FC-B386-EC9FEB7AE61B,NCRISOY 2,Soybean
8FB45C85-F0EA-4DA7-917A-F158669766D2,6353556F-40FB-453B-B8C4-F38744C69B54,NARZH-12,Maize
6737FB68-6D09-46FC-B211-F2A612BCAFE3,6353556F-40FB-453B-B8C4-F38744C69B54,P48W01,Maize
484C3BF1-B45B-4DC3-96AC-F4E32A9C8089,6353556F-40FB-453B-B8C4-F38744C69B54,SAMMAZ 19,Maize
A7CA6964-9456-4C09-A226-F509F1F48172,A953817D-3FF4-490D-97DC-2AC138B2B32B,SAMCOT-11,Cotton
DA5ED6D5-3546-44A3-BB8B-F59CF36F49CB,B889043F-EAA0-448C-B0D1-71C1ED149AAB,SAMSORG 44,Sorghum
93DC1BC8-42E5-4E13-9054-F65B2FF83EE0,E9155862-1684-43FC-B386-EC9FEB7AE61B,TGx 1951-3F,Soybean
047FB4F1-E724-41C4-844C-F69DCBC88074,251358CD-F9F7-46D3-9212-A4709ADF6418,NICASS 22,Cassava
6C686422-3D47-4C54-B48F-F6F8CE662FB8,6D9F9C32-1DBB-4E52-A853-6646F72106B4,FARO-56,Rice
E9E9125E-E5D0-4C1A-ABDE-F782B5CA395C,6353556F-40FB-453B-B8C4-F38744C69B54,SAMMAZ-8,Maize
A59441DE-51D8-4C2C-9BE3-F7A388A5FE2F,A7141777-9A95-4699-88FD-D959D28AB30B,SAMPEA-9,Cowpea
171F5DA8-D1C8-4B95-BE26-F7C6ACC2E412,6353556F-40FB-453B-B8C4-F38744C69B54,SAMMAZ 17,Maize
AA40DCF3-88DE-417C-B122-F7E7B9F599E3,251358CD-F9F7-46D3-9212-A4709ADF6418,UMUCASS 44,Cassava
5D7D9EB7-ED65-47D5-85D6-F832E7D7C809,8AC3002A-7DF0-45B9-96E1-9FFE44AE6C8F,NIG-803,Rubber
85E7781E-7C2D-49A7-80AA-F8697490D3FE,6353556F-40FB-453B-B8C4-F38744C69B54,SAMMAZ 15,Maize
310E8446-A7BF-413C-AFF2-F92B6E6FACD5,171B61AF-0AF2-4B2A-8BF9-3EAACDB3EEF3,LACRI WHIT-10,Wheat
294B290F-C1DC-4F3B-A8B0-F9F5D26673BC,795EAD8F-39B2-4C21-8281-EE8E6066B5DA,CRINTc-8,Cocoa
49A8634F-A4D3-4146-ACDA-FA107EB64170,6D9F9C32-1DBB-4E52-A853-6646F72106B4,FARO-3,Rice
0D88B57B-B6B6-41EA-B79E-FA751D61B621,6353556F-40FB-453B-B8C4-F38744C69B54,NARZH-6,Maize
81C40C58-1DD9-4D39-B338-FB1F19199A2A,E9155862-1684-43FC-B386-EC9FEB7AE61B,TGx 1987-62F,Soybean
DA0BF8DA-A714-48AB-82A6-FB4CB36F6EA4,8AC3002A-7DF0-45B9-96E1-9FFE44AE6C8F,NIG-813,Rubber
A3DAEA39-9B39-4AD0-930A-FB82A4BD3CA5,171B61AF-0AF2-4B2A-8BF9-3EAACDB3EEF3,LACRI WHIT-1,Wheat
CD8D76C8-1AFA-46FF-A94A-FBDDEFE6C604,6D9F9C32-1DBB-4E52-A853-6646F72106B4,FARO-2,Rice
DD61B94B-93BA-497B-9345-FBF904E8A873,B889043F-EAA0-448C-B0D1-71C1ED149AAB,SAMSORG-H3,Sorghum
DA68D91F-46FD-4697-B8E4-FBFE3D5B5B0E,A953817D-3FF4-490D-97DC-2AC138B2B32B,SAMCOT-9,Cotton
EB2F8CB4-9936-45A4-8B9C-FC26EA918C6B,6353556F-40FB-453B-B8C4-F38744C69B54,Oba Super 13,Maize
E670E026-62CD-49C6-B313-FC67344914B8,6353556F-40FB-453B-B8C4-F38744C69B54,Ife Maize hyb-8,Maize
829830EF-4A00-458E-9F4F-FCB28E886BE9,B99637AF-25F2-4984-B2DD-9D2EACDFA2D6,SAMTOM -6,Tomato
11BF54D7-C577-453C-8786-FCF1A355BB02,6D9F9C32-1DBB-4E52-A853-6646F72106B4,FARO-25,Rice
F40B5A99-C996-41ED-A656-FD158A9FBD19,6D9F9C32-1DBB-4E52-A853-6646F72106B4,FARO-20,Rice
2B907F72-AE98-4467-AB7F-FE86363892A1,8AC3002A-7DF0-45B9-96E1-9FFE44AE6C8F,NIG-807,Rubber
A1F8352F-DD5B-4983-BDAE-FE958231CCA4,A7141777-9A95-4699-88FD-D959D28AB30B,SAMPEA 16,Cowpea
9096B5E6-2DB3-418A-AC35-FF4A00ABF3E7,B40999F4-FA9D-464F-A2AF-4E41A7FC70B2,Egusi Serewe,Melon
85A5DEC7-9F31-4CAD-868D-FFC66708F235,A7141777-9A95-4699-88FD-D959D28AB30B,K-28,Cowpea
